{"lr": 0.00997794446709763, "data_time": 0.008742976188659667, "loss": 0.11397722214460373, "decode.loss_ce": 0.08091078847646713, "decode.acc_seg": 99.3993911743164, "aux.loss_ce": 0.03306643292307854, "aux.acc_seg": 99.3993911743164, "time": 0.6677968978881836, "step": 100}
{"lr": 0.009955660594668054, "data_time": 0.01579587459564209, "loss": 0.04910472184419632, "decode.loss_ce": 0.03274079021066427, "decode.acc_seg": 100.0, "aux.loss_ce": 0.016363932564854623, "aux.acc_seg": 100.0, "time": 0.6649646520614624, "step": 200}
{"lr": 0.009933371122565919, "data_time": 0.007713103294372558, "loss": 0.03220091024413705, "decode.loss_ce": 0.02384923058561981, "decode.acc_seg": 99.79121398925781, "aux.loss_ce": 0.008351679309271276, "aux.acc_seg": 99.51594543457031, "time": 0.6553624868392944, "step": 300}
{"lr": 0.009911076035273796, "data_time": 0.010361218452453613, "loss": 0.052712532319128515, "decode.loss_ce": 0.03726537153124809, "decode.acc_seg": 99.83409118652344, "aux.loss_ce": 0.015447161858901381, "aux.acc_seg": 98.57976531982422, "time": 0.6564218759536743, "step": 400}
{"aAcc": 97.62, "mIoU": 64.74, "mAcc": 80.92, "step": 400}
{"lr": 0.0098887753171919, "data_time": 0.00893728733062744, "loss": 0.026558165531605483, "decode.loss_ce": 0.01829858417622745, "decode.acc_seg": 99.2339859008789, "aux.loss_ce": 0.00825958123896271, "aux.acc_seg": 98.20006561279297, "time": 0.6751142024993897, "step": 500}
{"lr": 0.009866468952637547, "data_time": 0.00940110683441162, "loss": 0.02129591666162014, "decode.loss_ce": 0.014413395314477384, "decode.acc_seg": 99.82836151123047, "aux.loss_ce": 0.006882520881481469, "aux.acc_seg": 99.82836151123047, "time": 0.6524810314178466, "step": 600}
{"lr": 0.009844156925844432, "data_time": 0.008584952354431153, "loss": 0.051970236375927924, "decode.loss_ce": 0.03732567257247865, "decode.acc_seg": 96.82952880859375, "aux.loss_ce": 0.014644563104957342, "aux.acc_seg": 97.94058227539062, "time": 0.6567269802093506, "step": 700}
{"lr": 0.009821839220962003, "data_time": 0.009644341468811036, "loss": 0.022271874779835343, "decode.loss_ce": 0.013010901282541454, "decode.acc_seg": 99.81715393066406, "aux.loss_ce": 0.009260972938500344, "aux.acc_seg": 99.84547424316406, "time": 0.8051332473754883, "step": 800}
{"aAcc": 99.36, "mIoU": 84.48, "mAcc": 91.67, "step": 800}
